row,column,value
1,1,169.450054543
1,2,195.917067884
1,3,277.476187559
1,4,231.430820336
2,1,185.429776244
2,2,165.101838786
2,3,220.292069731
2,4,181.259739758
3,1,237.349250799
3,2,219.419255206
3,3,225.166434914
3,4,201.116155044
4,1,228.131507271
4,2,194.235010301
4,3,207.643449881
4,4,180.014821492
